--	DATABASE SEEDING-- understood: `'` is for column names, `'` is for data
	-- boolean: expect: TRUE / FALSE without quotes
	-- date: expect with single-quotes to not be parsed as integers
INSERT INTO users(username,first_name,last_name,email,encrypted_password,description,is_elevated,image_url)
	VALUES
	('samantha','Madison','Clements','cruzsam@gmail.com','$2b$12$Q1PUFjhN/AWRQ21LbGYvjeLpZZB6lfZ1BPwifHALGO6oIbyC3CmJe','Movement later fund employee site turn.',TRUE,'https://randomuser.me/api/portraits/women/82.jpg'),
	('ethan','Ethan','Carpenter','ecarpenter@gmail.com','$2b$12$Q1PUFjhN/AWRQ21LbGYvjeLpZZB6lfZ1BPwifHALGO6oIbyC3CmJe','Decision professional real each citizen level.',TRUE,'https://randomuser.me/api/portraits/lego/5.jpg'),
	('stran','Sarah','Tran','stran@gmail.com','$2b$12$Q1PUFjhN/AWRQ21LbGYvjeLpZZB6lfZ1BPwifHALGO6oIbyC3CmJe','Maybe key community young ahead.',TRUE,'https://randomuser.me/api/portraits/women/12.jpg'),
	('palmermichael','Markus','Cope','ljohnson@grimes-stevens.net','$2b$12$Q1PUFjhN/AWRQ21LbGYvjeLpZZB6lfZ1BPwifHALGO6oIbyC3CmJe','Hotel together show gas seven.',FALSE,'https://randomuser.me/api/portraits/women/97.jpg'),
	('becklinda','Carmen','Rudd','angelicaparker@nguyen.com','$2b$12$Q1PUFjhN/AWRQ21LbGYvjeLpZZB6lfZ1BPwifHALGO6oIbyC3CmJe','Cell itself institution couple should.',FALSE,'https://randomuser.me/api/portraits/lego/4.jpg'),
	('laura.bauer','Laura','Bauer','laura@bayareapets.com','$2b$12$Q1PUFjhN/AWRQ21LbGYvjeLpZZB6lfZ1BPwifHALGO6oIbyC3CmJe','Concern phone sport whatever professor material.',TRUE,'https://randomuser.me/api/portraits/women/91.jpg'),
	('crawfordshawn','Seb','Hyde','murphyjohn@hernandez-beard.info','$2b$12$Q1PUFjhN/AWRQ21LbGYvjeLpZZB6lfZ1BPwifHALGO6oIbyC3CmJe','fdasa',FALSE,'https://randomuser.me/api/portraits/men/17.jpg'),
	('psampson','Euan','Mcnamara','bgray@hotmail.com','$2b$12$Q1PUFjhN/AWRQ21LbGYvjeLpZZB6lfZ1BPwifHALGO6oIbyC3CmJe','Resource source beyond beautiful product add mention.',FALSE,'https://randomuser.me/api/portraits/men/74.jpg'),
	('wrightgeorge','Yvonne','Avalos','tatemallory@sanford-armstrong.com','$2b$12$Q1PUFjhN/AWRQ21LbGYvjeLpZZB6lfZ1BPwifHALGO6oIbyC3CmJe','Figure seat everybody agency.',FALSE,'https://randomuser.me/api/portraits/women/52.jpg'),
	('webbmark','Ruby','Frost','lauraconner@hotmail.com','$2b$12$Q1PUFjhN/AWRQ21LbGYvjeLpZZB6lfZ1BPwifHALGO6oIbyC3CmJe','Often beyond enough why.',FALSE,'https://randomuser.me/api/portraits/women/7.jpg'),
	('veronicahaynes','Kayley','Ware','bookerricky@gmail.com','$2b$12$Q1PUFjhN/AWRQ21LbGYvjeLpZZB6lfZ1BPwifHALGO6oIbyC3CmJe','Spring language his several drop.',FALSE,'https://randomuser.me/api/portraits/women/61.jpg'),
	('stacymartin','Lily-Mai','Wharton','murphytimothy@yahoo.com','$2b$12$Q1PUFjhN/AWRQ21LbGYvjeLpZZB6lfZ1BPwifHALGO6oIbyC3CmJe','Term left view.',FALSE,'https://randomuser.me/api/portraits/men/44.jpg'),
	('mendozabrian','Montgomery','Mullen','timothyritter@gmail.com','$2b$12$Q1PUFjhN/AWRQ21LbGYvjeLpZZB6lfZ1BPwifHALGO6oIbyC3CmJe','Arrive indicate finally.',FALSE,'https://randomuser.me/api/portraits/men/56.jpg'),
	('wjefferson','Gracey','Olson','christophersims@castaneda-soto.com','$2b$12$Q1PUFjhN/AWRQ21LbGYvjeLpZZB6lfZ1BPwifHALGO6oIbyC3CmJe','Result team myself western past movie enough.',FALSE,'https://randomuser.me/api/portraits/men/12.jpg'),
	('kingdonna','June','Bird','gcherry@mclaughlin.com','$2b$12$Q1PUFjhN/AWRQ21LbGYvjeLpZZB6lfZ1BPwifHALGO6oIbyC3CmJe','Start decision go lay.',FALSE,'https://randomuser.me/api/portraits/women/31.jpg'),
	('chnorma','Norma','Chung','normachung@normarescue.com','$2b$12$Q1PUFjhN/AWRQ21LbGYvjeLpZZB6lfZ1BPwifHALGO6oIbyC3CmJe','View beat service history field.',TRUE,'https://randomuser.me/api/portraits/women/8.jpg'),
	('zwilkins','Lyndsey','Gale','terrydestiny@ramos.net','$2b$12$Q1PUFjhN/AWRQ21LbGYvjeLpZZB6lfZ1BPwifHALGO6oIbyC3CmJe','Ever late future.',FALSE,'https://randomuser.me/api/portraits/women/34.jpg'),
	('ashley13','Oliver','Lewis','scottlori@hotmail.com','$2b$12$Q1PUFjhN/AWRQ21LbGYvjeLpZZB6lfZ1BPwifHALGO6oIbyC3CmJe','Role letter site chair pretty coach.',FALSE,'https://randomuser.me/api/portraits/men/48.jpg'),
	('tiffanywilson','Alaw','Morley','hjones@murphy-jacobs.net','$2b$12$Q1PUFjhN/AWRQ21LbGYvjeLpZZB6lfZ1BPwifHALGO6oIbyC3CmJe','Form nearly win hit tend society agree.',FALSE,'https://randomuser.me/api/portraits/lego/6.jpg'),
	('qsmith','Eleri','Bush','lthomas@gmail.com','$2b$12$Q1PUFjhN/AWRQ21LbGYvjeLpZZB6lfZ1BPwifHALGO6oIbyC3CmJe','Region citizen pressure trip.',FALSE,'https://randomuser.me/api/portraits/men/41.jpg'),
	('sanchezangela','Aimie','Cooper','larsondavid@yahoo.com','$2b$12$Q1PUFjhN/AWRQ21LbGYvjeLpZZB6lfZ1BPwifHALGO6oIbyC3CmJe','Company space end.',FALSE,'https://randomuser.me/api/portraits/men/39.jpg'),
	('corbett.camden','Camden','Corbett','camden@corbettresuce.com','$2b$12$Q1PUFjhN/AWRQ21LbGYvjeLpZZB6lfZ1BPwifHALGO6oIbyC3CmJe','Country cover commercial billion.',TRUE,'https://randomuser.me/api/portraits/women/76.jpg'),
	('omartinez','Evie-May','Mccaffrey','zbowman@hotmail.com','$2b$12$Q1PUFjhN/AWRQ21LbGYvjeLpZZB6lfZ1BPwifHALGO6oIbyC3CmJe','Wall yes between main.',FALSE,'https://randomuser.me/api/portraits/women/72.jpg'),
	('bhill','Drew','Buck','adam18@rodriguez.net','$2b$12$Q1PUFjhN/AWRQ21LbGYvjeLpZZB6lfZ1BPwifHALGO6oIbyC3CmJe','Street human expert culture.',FALSE,'https://randomuser.me/api/portraits/men/38.jpg'),
	('thomas50','Donald','Stevenson','bpoole@hanna-adams.com','$2b$12$Q1PUFjhN/AWRQ21LbGYvjeLpZZB6lfZ1BPwifHALGO6oIbyC3CmJe','Drug leave blood world because theory phone event.',FALSE,'https://randomuser.me/api/portraits/men/67.jpg'),
	('nicholastate','Libbie','Dodson','marylee@walker-garcia.com','$2b$12$Q1PUFjhN/AWRQ21LbGYvjeLpZZB6lfZ1BPwifHALGO6oIbyC3CmJe','Theory notice guess behind weight.',FALSE,'https://randomuser.me/api/portraits/women/26.jpg'),
	('carneylori','Priscilla','Mack','bryantrachel@yahoo.com','$2b$12$Q1PUFjhN/AWRQ21LbGYvjeLpZZB6lfZ1BPwifHALGO6oIbyC3CmJe','Book shoulder similar.',FALSE,'https://randomuser.me/api/portraits/women/33.jpg'),
	('jamie01','Lilah','Drummond','petersonbrendan@brown.org','$2b$12$Q1PUFjhN/AWRQ21LbGYvjeLpZZB6lfZ1BPwifHALGO6oIbyC3CmJe','Late international management bag firm rather particularly.',FALSE,'https://randomuser.me/api/portraits/women/53.jpg'),
	('qwilson','Camden','Corbett','lmyers@hotmail.com','$2b$12$Q1PUFjhN/AWRQ21LbGYvjeLpZZB6lfZ1BPwifHALGO6oIbyC3CmJe','Wall bank yes themselves radio him.',FALSE,'https://randomuser.me/api/portraits/men/47.jpg'),
	('rebeccarubio','Beverly','Thatcher','andersonsean@gmail.com','$2b$12$Q1PUFjhN/AWRQ21LbGYvjeLpZZB6lfZ1BPwifHALGO6oIbyC3CmJe','Trade put drop yard.',FALSE,'https://randomuser.me/api/portraits/women/80.jpg'),
	('barryjodi','Benn','Leblanc','harrisjames@jackson.com','$2b$12$Q1PUFjhN/AWRQ21LbGYvjeLpZZB6lfZ1BPwifHALGO6oIbyC3CmJe','Shake western professor American.',FALSE,'https://randomuser.me/api/portraits/lego/2.jpg'),
	('elizabethhale','Emma-Louise','Baldwin','mwilson@grant-cardenas.org','$2b$12$Q1PUFjhN/AWRQ21LbGYvjeLpZZB6lfZ1BPwifHALGO6oIbyC3CmJe','Important work evening manage manage age and carry.',FALSE,'https://randomuser.me/api/portraits/women/32.jpg'),
	('gclark','Kelly','Chung','everettrobert@wilson-hutchinson.org','$2b$12$Q1PUFjhN/AWRQ21LbGYvjeLpZZB6lfZ1BPwifHALGO6oIbyC3CmJe','Point many box in trade develop ever agree.',FALSE,'https://randomuser.me/api/portraits/women/60.jpg'),
	('nicholasmorgan','Dainton','Huynh','perrychristine@gray.com','$2b$12$Q1PUFjhN/AWRQ21LbGYvjeLpZZB6lfZ1BPwifHALGO6oIbyC3CmJe','Movie manage various technology report development when.',FALSE,'https://randomuser.me/api/portraits/men/7.jpg'),
	('fwilliams','Sommer','Wynn','floresabigail@gmail.com','$2b$12$Q1PUFjhN/AWRQ21LbGYvjeLpZZB6lfZ1BPwifHALGO6oIbyC3CmJe','According sound piece soon himself single back.',FALSE,'https://randomuser.me/api/portraits/women/38.jpg'),
	('melissarandolph','Shaun','Eastwood','qmurray@hernandez.com','$2b$12$Q1PUFjhN/AWRQ21LbGYvjeLpZZB6lfZ1BPwifHALGO6oIbyC3CmJe','Protect away central provide result.',FALSE,'https://randomuser.me/api/portraits/women/51.jpg'),
	('amanda84','Makayla','Valencia','jmiles@yahoo.com','$2b$12$Q1PUFjhN/AWRQ21LbGYvjeLpZZB6lfZ1BPwifHALGO6oIbyC3CmJe','Personal number partner.',FALSE,'https://randomuser.me/api/portraits/women/89.jpg'),
	('steven86','Alisha','Hayden','anthony01@cook.org','$2b$12$Q1PUFjhN/AWRQ21LbGYvjeLpZZB6lfZ1BPwifHALGO6oIbyC3CmJe','Third generation give skill without response safe.',FALSE,'https://randomuser.me/api/portraits/men/96.jpg'),
	('brenda17','Ashraf','Novak','kkane@booth-flynn.com','$2b$12$Q1PUFjhN/AWRQ21LbGYvjeLpZZB6lfZ1BPwifHALGO6oIbyC3CmJe','Out surface push interview federal.',FALSE,'https://randomuser.me/api/portraits/men/61.jpg'),
	('brendaaustin','Marvin','Stacey','myerspaul@morton.net','$2b$12$Q1PUFjhN/AWRQ21LbGYvjeLpZZB6lfZ1BPwifHALGO6oIbyC3CmJe','Record what save plan add keep.',FALSE,'https://randomuser.me/api/portraits/men/89.jpg'),
	('kimberly43','Laaibah','Gilmore','james97@yahoo.com','$2b$12$Q1PUFjhN/AWRQ21LbGYvjeLpZZB6lfZ1BPwifHALGO6oIbyC3CmJe','Might north station step own wear stay.',FALSE,'https://randomuser.me/api/portraits/women/56.jpg'),
	('hernandezdawn','Kenneth','Buck','curtis28@gmail.com','$2b$12$Q1PUFjhN/AWRQ21LbGYvjeLpZZB6lfZ1BPwifHALGO6oIbyC3CmJe','Total behavior attention.',FALSE,'https://randomuser.me/api/portraits/men/81.jpg'),
	('zodom','Masojn','Quinn','meverett@hotmail.com','$2b$12$Q1PUFjhN/AWRQ21LbGYvjeLpZZB6lfZ1BPwifHALGO6oIbyC3CmJe','Begin money me young science.',FALSE,'https://randomuser.me/api/portraits/men/85.jpg'),
	('rubenwilliams','AJ','Boyle','tscott@hotmail.com','$2b$12$Q1PUFjhN/AWRQ21LbGYvjeLpZZB6lfZ1BPwifHALGO6oIbyC3CmJe','Treatment better little cover fact commercial.',FALSE,'https://randomuser.me/api/portraits/men/87.jpg'),
	('melvin12','Tasha','Weston','bruceandrew@hughes-scott.com','$2b$12$Q1PUFjhN/AWRQ21LbGYvjeLpZZB6lfZ1BPwifHALGO6oIbyC3CmJe','College scientist season member though outside develop.',FALSE,'https://randomuser.me/api/portraits/men/37.jpg'),
	('michaelhays','Daryl','Ryder','melissa17@wright.com','$2b$12$Q1PUFjhN/AWRQ21LbGYvjeLpZZB6lfZ1BPwifHALGO6oIbyC3CmJe','Product seven power.',FALSE,'https://randomuser.me/api/portraits/women/87.jpg'),
	('nicolehughes','Reece','Senior','wongjames@jenkins-black.info','$2b$12$Q1PUFjhN/AWRQ21LbGYvjeLpZZB6lfZ1BPwifHALGO6oIbyC3CmJe','Health actually receive someone upon scene.',FALSE,'https://randomuser.me/api/portraits/men/46.jpg'),
	('lorithomas','Marc','Atherton','tiffanystevenson@trujillo.net','$2b$12$Q1PUFjhN/AWRQ21LbGYvjeLpZZB6lfZ1BPwifHALGO6oIbyC3CmJe','Particular here for professor someone.',FALSE,'https://randomuser.me/api/portraits/men/90.jpg'),
	('michaellee','Jazmin','Strickland','turnermarvin@ponce.com','$2b$12$Q1PUFjhN/AWRQ21LbGYvjeLpZZB6lfZ1BPwifHALGO6oIbyC3CmJe','Particular here for professor someone.',FALSE,'https://randomuser.me/api/portraits/men/66.jpg');
	-- \t\((.*?)\,(.*?),(.*?),(.*?),(.*?),(.*?)(,\d,NULL)(.*?)\)([,;])
	-- \t('$1','$2','$3','$4',$5,'$6'$7'$8')$9
	-- bool typing

INSERT INTO role(id,role_name)
	VALUES
	(1,'admin'),
	(2,'rescueAgency');
	
INSERT INTO usersrole_join(user_username,role_id)
	VALUES
	('samantha',1),
	('ethan',1),
	('stran',1),
	('laura.bauer',2),
	('chnorma',2),
	('corbett.camden',2);
	
INSERT INTO petspecie(id,specie_name,specie_fa)
	VALUES
	(1,'Dog','<i class="fa-duotone fa-dog"></i>'),
	(2,'Cat','<i class="fa-solid fa-cat"></i>'),
	(101,'Bird','<i class="fa-duotone fa-kiwi-bird"></i>'),
	(102,'Reptile','<i class="fa-duotone fa-snake"></i>'),
	(103,'Fish','<i class="fa-solid fa-fish"></i>'),
	(104,'Amphibian','<i class="fa-solid fa-frog"></i>'),
	(998,'Plant','<i class="fa-duotone fa-seedling"></i>'),
	(999,'Unknown','<i class="fa-duotone fa-paw"></i>');
	
INSERT INTO coatdescription(id,coat_description)
	VALUES
	(1,'Unknown'),
	(2,'Straight'),
	(3,'Mixed'),
	(4,'Curly'),
	(5,'Bald'),
	(100,'Not Listed'),
	(101,'Solid'),
	(102,'Piebald (pied)'),
	(103,'Extreme Piebald'),
	(104,'Merle'),
	(105,'Tuxedo'),
	(106,'Harlequin'),
	(107,'Spotted'),
	(108,'Flecked (Ticked, Speckled)'),
	(109,'Brindle'),
	(110,'Saddle'),
	(111,'Sable'),
	(112,'Tabby'),
	(113,'Colorpoint');
	
INSERT INTO color(id,color_name,color_hex)
	VALUES
	(1,'Not Applicable','#FFFFFF'),
	(2,'Gold','#AA6A3D'),
	(3,'Pale Yellow','#FEFFE9'),
	(4,'White','#FFFFFF'),
	(5,'Grey','#D0CED5'),
	(101,'Not Applicable','#FFFFFF'),
	(102,'Red','#A5461A'),
	(103,'Brown','#6F4D4E'),
	(104,'Black','#0F110B'),
	(105,'Blue','#46446B');
	
INSERT INTO breed(id,breed_name,breed_image)
	VALUES
	(0,'Unknown','default_pet.png'),
	(1,'American Shorthair','american-shorthair-1.jpg'),
	(2,'Abyssinian','abyssinian-1.jpg'),
	(3,'American Curl','american-curl-1.jpg'),
	(4,'American Bobtail','american-bobtail-1.jpg'),
	(5,'American Wirehair','american-wirehair-1.jpg'),
	(6,'Aegean','aegean-cat-1.jpg'),
	(7,'Australian Mist','australian-mist-1.jpg'),
	(8,'American Polydactyl','american-polydactyl-1.jpg'),
	(9,'Arabian Mau','arabian-mau-1.jpg'),
	(10,'Asian cat','malayan-cat-1.jpg'),
	(11,'Asian Semi-longhair','asian-semi-longhair-1.jpg'),
	(12,'British Shorthair','british-shorthair-1.jpg'),
	(13,'Bengal','bengal-1.jpg'),
	(14,'Burmese','burmese-1.jpg'),
	(15,'Birman','birman-1.jpg'),
	(16,'Balinese','balinese-1.jpg'),
	(17,'Bombay','bombay-cat-1.jpg'),
	(18,'Burmilla','burmilla-1.jpg'),
	(19,'Bambino','bambino-cat-1.jpg'),
	(20,'Brazilian Shorthair','brazilian-shorthair-1.jpg'),
	(21,'British Longhair','british-longhair-1.jpg'),
	(22,'Cornish Rex','cornish-rex-1.jpg'),
	(23,'Colorpoint Shorthair','colorpoint-shorthair-1.jpg'),
	(24,'Chartreux','chartreux-1.jpg'),
	(25,'California Spangled','california-spangled-cat-1.jpg'),
	(26,'Cymric','cymric-cat-1.jpg'),
	(27,'Chantilly-Tiffany','chantilly-1.jpg'),
	(28,'Chausie','chausie-1.jpg'),
	(29,'Cheetoh','cheetoh-1.jpg'),
	(30,'Cyprus','cyprus-cat-1.jpg'),
	(31,'Devon Rex','devon-rex-1.jpg'),
	(32,'Donskoy','donskoy-1.jpg'),
	(33,'Dwelf','dwelf-1.jpg'),
	(34,'Exotic Shorthair','exotic-shorthair-1.jpg'),
	(35,'Egyptian Mau','egyptian-mau-1.jpg'),
	(36,'European Burmese','european-burmese-1.jpg'),
	(37,'Elf cat','elf-cat-1.jpg'),
	(38,'Havana Brown','havana-brown-1.jpg'),
	(39,'Himalayan','himalayan-cat-1.jpg'),
	(40,'Japanese Bobtail','japanese-bobtail-1.jpg'),
	(41,'Javanese','javanese-cat-1.jpg'),
	(42,'Khao Manee','khao-manee-1.jpg'),
	(43,'Korat','korat-1.jpg'),
	(44,'Lykoi','lykoi-1.jpg'),
	(45,'LaPerm','laperm-1.jpg'),
	(46,'Maine Coon','maine-coon-1.jpg'),
	(47,'Manx','manx-1.jpg'),
	(48,'Munchkin','munchkin-cat-1.jpg'),
	(49,'Minskin','minskin-1.jpg'),
	(50,'Norwegian Forest Cat','norwegian-forest-cat-1.jpg'),
	(51,'Nebelung','nebelung-1.jpg'),
	(52,'Napoleon cat','napoleon-cat-1.jpg'),
	(53,'Oriental','oriental-shorthair-1.jpg'),
	(54,'Ocicat','ocicat-1.jpg'),
	(55,'Persian','persian-cat-1.jpg'),
	(56,'Pixie-bob','pixie-bob-1.jpg'),
	(57,'Peterbald','peterbald-1.jpg'),
	(58,'Ragdoll','ragdoll-1.jpg'),
	(59,'Russian Blue','russian-blue-1.jpg'),
	(60,'Ragamuffin','ragamuffin-cat-1.jpg'),
	(61,'Sphynx','sphynx-1.jpg'),
	(62,'Scottish Fold','scottish-fold-1.jpg'),
	(63,'Siamese','siamese-1.jpg'),
	(64,'Siberian','siberian-1.jpg'),
	(65,'Selkirk Rex','selkirk-rex-1.jpg'),
	(66,'Somali','somali-1.jpg'),
	(67,'Singapura','singapura-1.jpg'),
	(68,'Savannah','savannah-cat-1.jpg'),
	(69,'Snowshoe','snowshoe-cat-1.jpg'),
	(70,'Sokoke','sokoke-1.jpg'),
	(71,'Serengeti cat','serengeti-cat-1.jpg'),
	(72,'Tonkinese','tonkinese-1.jpg'),
	(73,'Turkish Angora','turkish-angora-1.jpg'),
	(74,'Turkish Van','turkish-van-1.jpg'),
	(75,'Toyger','toyger-1.jpg'),
	(76,'Thai cat','thai-cat-1.jpg'),
	(77,'Ukrainian Levkoy','ukrainian-levkoy-1.jpg'),
	(78,'York Chocolate','york-chocolate-1.jpg'),
	(1001,'Australian Shepherd','australian-shepherd-1.jpg'),
	(1002,'American Cocker Spaniel','cocker-spaniel-1.jpg'),
	(1003,'Akita','american-akita-1.jpg'),
	(1004,'Australian Cattle Dog','australian-cattle-dog-1.jpg'),
	(1005,'Airedale Terrier','airedale-terrier-1.jpg'),
	(1006,'Alaskan Malamute','alaskan-malamute-1.jpg'),
	(1007,'American Staffordshire Terrier','american-staffordshire-terrier-1.jpg'),
	(1008,'Anatolian Shepherd Dog','anatolian-shepherd-dog-1.jpg'),
	(1009,'American Eskimo Dog','american-eskimo-dog-1.jpg'),
	(1010,'Afghan Hound','afghan-hound-1.jpg'),
	(1011,'American Hairless Terrier','american-hairless-terrier-1.jpg'),
	(1012,'Australian Terrier','australian-terrier-1.jpg'),
	(1013,'American Water Spaniel','american-water-spaniel-1.jpg'),
	(1014,'Affenpinscher','affenpinscher-1.jpg'),
	(1015,'American English Coonhound','english-coonhound-1.jpg'),
	(1016,'American Foxhound','american-foxhound-1.jpg'),
	(1017,'Azawakh','azawakh-1.jpg'),
	(1018,'American Pit Bull Terrier',NULL),
	(1019,'American White Shepherd',NULL),
	(1020,'Alapaha Blue Blood Bulldog',NULL),
	(1021,'Alaskan Klee Kai',NULL),
	(1022,'Appenzeller Sennenhund',NULL),
	(1023,'Australian Bulldog',NULL),
	(1024,'Australian Kelpie',NULL),
	(1025,'Australian Stumpy Tail Cattle Dog',NULL),
	(1026,'Austrian Black and Tan Hound',NULL),
	(1027,'Austrian Pinscher',NULL),
	(1028,'Alaskan Husky',NULL),
	(1029,'American Bulldog',NULL),
	(1030,'Andalusian Hound',NULL),
	(1031,'American Mastiff',NULL),
	(1032,'Akbash Dog',NULL),
	(1033,'Alano Espanol',NULL),
	(1034,'Ariege Pointer',NULL),
	(1035,'Ariegeois',NULL),
	(1036,'Africanis',NULL),
	(1037,'Aidi',NULL),
	(1038,'American Staghound',NULL),
	(1039,'Alopekis',NULL),
	(1040,'Bulldog','bulldog-1.jpg'),
	(1041,'Beagle','beagle-1.jpg'),
	(1042,'Boxer','boxer-1.jpg'),
	(1043,'Boston Terrier','boston-terrier-1.jpg'),
	(1044,'Bernese Mountain Dog','bernese-mountain-dog-1.jpg'),
	(1045,'Brittany','brittany-1.jpg'),
	(1046,'Border Collie','border-collie-1.jpg'),
	(1047,'Basset Hound','basset-hound-1.jpg'),
	(1048,'Belgian Malinois','belgian-shepherd-malinois-1.jpg'),
	(1049,'Bichon Frise','bichon-frise-1.jpg'),
	(1050,'Bloodhound','bloodhound-1.jpg'),
	(1051,'Bullmastiff','bullmastiff-1.jpg'),
	(1052,'Bull Terrier','bull-terrier-1.jpg'),
	(1053,'Basenji','basenji-1.jpg'),
	(1054,'Boykin Spaniel','boykin-spaniel-1.jpg'),
	(1055,'Brussels Griffon','brussels-griffon-1.jpg'),
	(1056,'Bouvier des Flandres','bouvier-des-flandres-1.jpg'),
	(1057,'Border Terrier','border-terrier-1.jpg'),
	(1058,'Borzoi','borzoi-1.jpg'),
	(1059,'Belgian Tervuren','belgian-shepherd-tervuren-1.jpg'),
	(1060,'Belgian Sheepdog','groenendael-1.jpg'),
	(1061,'Beauceron','beauceron-1.jpg'),
	(1062,'Boerboel','boerboel-1.jpg'),
	(1063,'Bearded Collie','bearded-collie-1.jpg'),
	(1064,'Black Russian Terrier','black-russian-terrier-1.jpg'),
	(1065,'Black and Tan Coonhound','black-and-tan-coonhound-1.jpg'),
	(1066,'Bluetick Coonhound','bluetick-coonhound-1.jpg'),
	(1067,'Bedlington Terrier','bedlington-terrier-1.jpg'),
	(1068,'Barbet','barbet-1.jpg'),
	(1069,'Briard','briard-1.jpg'),
	(1070,'Berger Picard','berger-picard-1.jpg'),
	(1071,'Bergamasco','bergamasco-1.jpg'),
	(1072,'Bolognese dog',NULL),
	(1073,'Basset Bleu de Gascogne',NULL),
	(1074,'Basset Fauve de Bretagne',NULL),
	(1075,'Belgian Shepherd Laekenois',NULL),
	(1076,'Black Mouth Cur',NULL),
	(1077,'Black Norwegian Elkhound',NULL),
	(1078,'Blue Lacy',NULL),
	(1079,'Blue Picardy Spaniel',NULL),
	(1080,'Bohemian Shepherd',NULL),
	(1081,'Bracco Italiano',NULL),
	(1082,'Braque du Bourbonnais',NULL),
	(1083,'Brazilian Terrier',NULL),
	(1084,'Bulgarian Shepherd Dog',NULL),
	(1085,'Basset Artesien Normand',NULL),
	(1086,'Broholmer',NULL),
	(1087,'Biewer Terrier',NULL),
	(1088,'Briquet Griffon Vendeen',NULL),
	(1089,'Bukovina Sheepdog',NULL),
	(1090,'Beagle-Harrier',NULL),
	(1091,'Beaglier',NULL),
	(1092,'Bavarian Mountain Hound',NULL),
	(1093,'Bouvier des Ardennes',NULL),
	(1094,'Bull Arab',NULL),
	(1095,'Cavalier King Charles Spaniel','cavalier-king-charles-spaniel-1.jpg'),
	(1096,'Cane Corso','cane-corso-italiano-1.jpg'),
	(1097,'Chihuahua','chihuahua-1.jpg'),
	(1098,'Collie','rough-collie-1.jpg'),
	(1099,'Chesapeake Bay Retriever','chesapeake-bay-retriever-1.jpg'),
	(1100,'Cardigan Welsh Corgi','cardigan-welsh-corgi-1.jpg'),
	(1101,'Cairn Terrier','cairn-terrier-1.jpg'),
	(1102,'Chinese Crested','chinese-crested-1.jpg'),
	(1103,'Coton De Tulear','coton-de-tulear-1.jpg'),
	(1104,'Chow Chow','chow-chow-1.jpg'),
	(1105,'Clumber Spaniel','clumber-spaniel-1.jpg'),
	(1106,'Curly-Coated Retriever','curly-coated-retriever-1.jpg'),
	(1107,'Cirneco dell’Etna','cirneco-dell-etna-1.jpg'),
	(1108,'Canaan Dog','canaan-dog-1.jpg'),
	(1109,'Chinook','chinook-dog-1.jpg'),
	(1110,'Cesky Terrier','cesky-terrier-1.jpg'),
	(1111,'Cockapoo',NULL),
	(1112,'Canadian Eskimo Dog',NULL),
	(1113,'Carolina Dog',NULL),
	(1114,'Carpathian Sheepdog',NULL),
	(1115,'Catahoula Bulldog',NULL),
	(1116,'Catahoula Leopard Dog',NULL),
	(1117,'Catalan Sheepdog',NULL),
	(1118,'Caucasian Ovcharka',NULL),
	(1119,'Central Asian Ovtcharka',NULL),
	(1120,'Croatian Sheepdog',NULL),
	(1121,'Czechoslovakian Wolfdog',NULL),
	(1122,'Cesky Fousek',NULL),
	(1123,'Chart Polski',NULL),
	(1124,'Cairmal',NULL),
	(1125,'Chorkie',NULL),
	(1126,'Cockalier',NULL),
	(1127,'Caravan Hound',NULL),
	(1128,'Cão da Serra de Aires',NULL),
	(1129,'Chippiparai',NULL),
	(1130,'Chizer',NULL),
	(1131,'Cotonese',NULL),
	(1132,'Dachshund','dachshund-1.jpg'),
	(1133,'Doberman Pinscher','doberman-pinscher-1.jpg'),
	(1134,'Dalmatian','dalmatian-1.jpg'),
	(1135,'Dogue de Bordeaux','dogue-de-bordeaux-1.jpg'),
	(1136,'Dogo Argentino','argentine-dogo-1.jpg'),
	(1137,'Dandie Dinmont Terrier','dandie-dinmont-terrier-1.jpg'),
	(1138,'Dutch Shepherd Dog',NULL),
	(1139,'Double Doodle',NULL),
	(1140,'Deutsche Bracke',NULL),
	(1141,'Dorkie',NULL),
	(1142,'Danish-Swedish Farmdog',NULL),
	(1143,'Dingo',NULL),
	(1144,'Dutch Smoushond',NULL),
	(1145,'Drentse Patrijshond',NULL),
	(1146,'Drever',NULL),
	(1147,'Dunker',NULL),
	(1148,'Dorgi',NULL),
	(1149,'English Springer Spaniel','english-springer-spaniel-1.jpg'),
	(1150,'English Cocker Spaniel','english-cocker-spaniel-1.jpg'),
	(1151,'English Setter','english-setter-1.jpg'),
	(1152,'English Toy Spaniel','english-toy-spaniel-1.jpg'),
	(1153,'Entlebucher Mountain Dog','entlebucher-mountain-dog-1.jpg'),
	(1154,'English Foxhound','english-foxhound-1.jpg'),
	(1155,'East-European Shepherd',NULL),
	(1156,'English Shepherd',NULL),
	(1157,'Eurasier',NULL),
	(1158,'East Siberian Laika',NULL),
	(1159,'French Bulldog','french-bulldog-1.jpg'),
	(1160,'Flat-Coated Retriever','flat-coated-retriever-1.jpg'),
	(1161,'Field Spaniel','field-spaniel-1.jpg'),
	(1162,'Finnish Lapphund','finnish-lapphund-1.jpg'),
	(1163,'Finnish Spitz','finnish-spitz-1.jpg'),
	(1164,'Fila Brasileiro',NULL),
	(1165,'French Spaniel',NULL),
	(1166,'Finnish Hound',NULL),
	(1167,'Francais Blanc et Noir',NULL),
	(1168,'German Shepherd','german-shepherd-dog-1.jpg'),
	(1169,'Golden Retriever','golden-retriever-1.jpg'),
	(1170,'German Shorthaired Pointer','german-shorthaired-pointer-1.jpg'),
	(1171,'Great Dane','great-dane-1.jpg'),
	(1172,'German Wirehaired Pointer','german-wirehaired-pointer-1.jpg'),
	(1173,'Giant Schnauzer','giant-schnauzer-1.jpg'),
	(1174,'Great Pyrenees','great-pyrenees-1.jpg'),
	(1175,'Greater Swiss Mountain Dog','greater-swiss-mountain-dog-1.jpg'),
	(1176,'Gordon Setter','gordon-setter-1.jpg'),
	(1177,'German Pinscher','german-pinscher-1.jpg'),
	(1178,'Greyhound','greyhound-1.jpg'),
	(1179,'Glen of Imaal Terrier','glen-of-imaal-terrier-1.jpg'),
	(1180,'Grand Basset Griffon Vendeen','grand-basset-griffon-vendeen-1.jpg'),
	(1181,'Goldendoodle',NULL),
	(1182,'German Longhaired Pointer',NULL),
	(1183,'Greenland Dog',NULL),
	(1184,'Griffon bleu de Gascogne',NULL),
	(1185,'Grand Bleu de Gascogne',NULL),
	(1186,'Havanese','havanese-1.jpg'),
	(1187,'Harrier','harrier-dog-1.jpg'),
	(1188,'Hokkaido Dog',NULL),
	(1189,'Hovawart',NULL),
	(1190,'Hamilton Hound',NULL),
	(1191,'Italian Greyhound','italian-greyhound-1.jpg'),
	(1192,'Irish Wolfhound','irish-wolfhound-1.jpg'),
	(1193,'Irish Setter','irish-setter-1.jpg'),
	(1194,'Irish Terrier','irish-terrier-1.jpg'),
	(1195,'Icelandic Sheepdog','icelandic-sheepdog-1.jpg'),
	(1196,'Irish Red and White Setter','irish-red-and-white-setter-1.jpg'),
	(1197,'Ibizan Hound','ibizan-hound-1.jpg'),
	(1198,'Irish Water Spaniel','irish-water-spaniel-1.jpg'),
	(1199,'Jack Russell Terrier','jack-russell-terrier-1.jpg'),
	(1200,'Japanese Chin','japanese-chin-1.jpg'),
	(1201,'Japanese Spitz',NULL),
	(1202,'Jagdterrier',NULL),
	(1203,'Japanese Terrier',NULL),
	(1204,'Jämthund',NULL),
	(1205,'Keeshond','keeshond-1.jpg'),
	(1206,'Kerry Blue Terrier','kerry-blue-terrier-1.jpg'),
	(1207,'Kooikerhondje','kooikerhondje-1.jpg'),
	(1208,'Kuvasz','kuvasz-1.jpg'),
	(1209,'Komondor','komondor-1.jpg'),
	(1210,'Korean Jindo',NULL),
	(1211,'Karelian Bear Dog',NULL),
	(1212,'Kishu Ken',NULL),
	(1213,'Koolie',NULL),
	(1214,'Kromfohrlander',NULL),
	(1215,'Kangal Dog',NULL),
	(1216,'King Shepherd',NULL),
	(1217,'Kyi-Leo',NULL),
	(1218,'Karst Shepherd',NULL),
	(1219,'Labrador Retriever','labrador-retriever-1.jpg'),
	(1220,'Lhasa Apso','lhasa-apso-1.jpg'),
	(1221,'Lagotto Romagnolo','lagotto-romagnolo-1.jpg'),
	(1222,'Leonberger','leonberger-1.jpg'),
	(1223,'Lakeland Terrier','lakeland-terrier-1.jpg'),
	(1224,'Lowchen','lowchen-1.jpg'),
	(1225,'Large Munsterlander',NULL),
	(1226,'Lancashire Heeler',NULL),
	(1227,'Landseer',NULL),
	(1228,'Lucas Terrier',NULL),
	(1229,'Lurcher',NULL),
	(1230,'Lapponian Herder',NULL),
	(1231,'Miniature Schnauzer','miniature-schnauzer-1.jpg'),
	(1232,'Miniature American Shepherd','miniature-american-shepherd-1.jpg'),
	(1233,'Mastiff','mastiff-1.jpg'),
	(1234,'Maltese','maltese-1.jpg'),
	(1235,'Miniature Pinscher','miniature-pinscher-1.jpg'),
	(1236,'Miniature Bull Terrier','bull-terrier-miniature-1.jpg'),
	(1237,'Manchester Terrier','manchester-terrier-1.jpg'),
	(1238,'Miniature Bulldog',NULL),
	(1239,'Miniature Poodle',NULL),
	(1240,'Miniature Shar Pei',NULL),
	(1241,'McNab',NULL),
	(1242,'Mudi',NULL),
	(1243,'Mountain Feist',NULL),
	(1244,'Maremma Sheepdog',NULL),
	(1245,'Mal-Shi',NULL),
	(1246,'Moscow Watchdog',NULL),
	(1247,'Mountain Cur',NULL),
	(1248,'Majestic Tree Hound',NULL),
	(1249,'Newfoundland','newfoundland-1.jpg'),
	(1250,'Nova Scotia Duck Tolling Retriever','tolling-retriever-1.jpg'),
	(1251,'Norwegian Elkhound','norwegian-elkhound-1.jpg'),
	(1252,'Neapolitan Mastiff','neapolitan-mastiff-1.jpg'),
	(1253,'Norwich Terrier','norwich-terrier-1.jpg'),
	(1254,'Norfolk Terrier','norfolk-terrier-1.jpg'),
	(1255,'Norwegian Buhund','norwegian-buhund-1.jpg'),
	(1256,'Norwegian Lundehund','norwegian-lundehund-1.jpg'),
	(1257,'Norrbottenspets',NULL),
	(1258,'Northern Inuit Dog',NULL),
	(1259,'New Guinea Singing Dog',NULL),
	(1260,'Old English Sheepdog','old-english-sheepdog-1.jpg'),
	(1261,'Otterhound','otterhound-1.jpg'),
	(1262,'Olde English Bulldogge',NULL),
	(1263,'Poodle','poodle-1.jpg'),
	(1264,'Pembroke Welsh Corgi','pembroke-welsh-corgi-1.jpg'),
	(1265,'Pomeranian','pomeranian-1.jpg'),
	(1266,'Pug','pug-1.jpg'),
	(1267,'Portuguese Water Dog','portuguese-water-dog-1.jpg'),
	(1268,'Papillon','papillon-dog-1.jpg'),
	(1269,'Pekingese','pekingese-1.jpg'),
	(1270,'Parson Russell Terrier','parson-russell-terrier-1.jpg'),
	(1271,'Pointer','english-pointer-1.jpg'),
	(1272,'Puli','puli-1.jpg'),
	(1273,'Pumi','pumi-1.jpg'),
	(1274,'Portuguese Podengo Pequeno','portuguese-podengo-1.jpg'),
	(1275,'Petit Basset Griffon Vendeen','pbgv-1.jpg'),
	(1276,'Plott Hound','plott-hound-1.jpg'),
	(1277,'Polish Lowland Sheepdog','polish-lowland-sheepdog-1.jpg'),
	(1278,'Pharaoh Hound','pharaoh-hound-1.jpg'),
	(1279,'Pyrenean Shepherd','pyrenean-shepherd-1.jpg'),
	(1280,'Pakistani Mastiff',NULL),
	(1281,'Patterdale Terrier',NULL),
	(1282,'Perro de Presa Canario',NULL),
	(1283,'Perro de Presa Mallorquin',NULL),
	(1284,'Peruvian Inca Orchid',NULL),
	(1285,'Picardy Spaniel',NULL),
	(1286,'Prazsky Krysarik',NULL),
	(1287,'Pont-Audemer Spaniel',NULL),
	(1288,'Pyrenean Mastiff',NULL),
	(1289,'Polish Tatra Sheepdog',NULL),
	(1290,'Puggle',NULL),
	(1291,'Pudelpointer',NULL),
	(1292,'Plummer Terrier',NULL),
	(1293,'Portuguese Pointer',NULL),
	(1294,'Polish Hunting Dog',NULL),
	(1295,'Rottweiler','rottweiler-1.jpg'),
	(1296,'Rhodesian Ridgeback','rhodesian-ridgeback-1.jpg'),
	(1297,'Rat Terrier','rat-terrier-1.jpg'),
	(1298,'Redbone Coonhound','redbone-coonhound-1.jpg'),
	(1299,'Russian Toy',NULL),
	(1300,'Russian Spaniel',NULL),
	(1301,'Russian Tsvetnaya Bolonka',NULL),
	(1302,'Romanian Mioritic Shepherd Dog',NULL),
	(1303,'Rajapalayam dog',NULL),
	(1304,'Rafeiro do Alentejo',NULL),
	(1305,'Siberian Husky','siberian-husky-1.jpg'),
	(1306,'Shih Tzu','shih-tzu-1.jpg'),
	(1307,'Shetland Sheepdog','shetland-sheepdog-1.jpg'),
	(1308,'Shiba Inu','shiba-inu-1.jpg'),
	(1309,'St. Bernard','st-bernard-1.jpg'),
	(1310,'Samoyed','samoyed-1.jpg'),
	(1311,'Scottish Terrier','scottish-terrier-1.jpg'),
	(1312,'Soft Coated Wheaten Terrier','wheaten-1.jpg'),
	(1313,'Shar-Pei','shar-pei-1.jpg'),
	(1314,'Staffordshire Bull Terrier','staff-1.jpg'),
	(1315,'Standard Schnauzer','standard-schnauzer-1.jpg'),
	(1316,'Silky Terrier','australian-silky-terrier-1.jpg'),
	(1317,'Spinone Italiano','spinone-italiano-1.jpg'),
	(1318,'Schipperke','schipperke-1.jpg'),
	(1319,'Smooth Fox Terrier','smooth-fox-terrier-1.jpg'),
	(1320,'Saluki','saluki-1.jpg'),
	(1321,'Swedish Vallhund','swedish-vallhund-1.jpg'),
	(1322,'Sealyham Terrier','sealyham-terrier-1.jpg'),
	(1323,'Spanish Water Dog','spanish-water-dog-1.jpg'),
	(1324,'Scottish Deerhound','scottish-deerhound-1.jpg'),
	(1325,'Sussex Spaniel','sussex-spaniel-1.jpg'),
	(1326,'Skye Terrier','skye-terrier-1.jpg'),
	(1327,'Sloughi','sloughi-1.jpg'),
	(1328,'Small Munsterlander',NULL),
	(1329,'Saarloos wolfdog',NULL),
	(1330,'Sarplaninac',NULL),
	(1331,'Schapendoes',NULL),
	(1332,'Shikoku dog',NULL),
	(1333,'Shiloh Shepherd dog',NULL),
	(1334,'Silken Windhound',NULL),
	(1335,'Spanish Mastiff',NULL),
	(1336,'Swedish Lapphund',NULL),
	(1337,'Shichon',NULL),
	(1338,'Slovensky Cuvac',NULL),
	(1339,'Stabyhoun',NULL),
	(1340,'Spanish Greyhound',NULL),
	(1341,'Seppala Siberian Sleddog',NULL),
	(1342,'South Russian Ovcharka',NULL),
	(1343,'Sapsali',NULL),
	(1344,'Smaland Hound',NULL),
	(1345,'Serbian Hound',NULL),
	(1346,'Tibetan Terrier','tibetan-terrier-1.jpg'),
	(1347,'Toy Fox Terrier','toy-fox-terrier-1.jpg'),
	(1348,'Tibetan Spaniel','tibetan-spaniel-1.jpg'),
	(1349,'Tibetan Mastiff','tibetan-mastiff-1.jpg'),
	(1350,'Treeing Walker Coonhound','treeing-walker-coonhound-1.jpg'),
	(1351,'Toy Poodle',NULL),
	(1352,'Tamaskan Dog',NULL),
	(1353,'Thai Ridgeback',NULL),
	(1354,'Tosa Ken',NULL),
	(1355,'Texas Heeler',NULL),
	(1356,'Tornjak',NULL),
	(1357,'Taco Terrier',NULL),
	(1358,'Thai Bangkaew Dog',NULL),
	(1359,'Transylvanian Hound',NULL),
	(1360,'Vizsla','vizsla-1.jpg'),
	(1361,'Volpino Italiano',NULL),
	(1362,'Weimaraner','weimaraner-1.jpg'),
	(1363,'West Highland White Terrier','west-highland-white-terrier-1.jpg'),
	(1364,'Whippet','whippet-1.jpg'),
	(1365,'Wirehaired Pointing Griffon','wirehaired-pointing-griffon-1.jpg'),
	(1366,'Wire Fox Terrier','fox-terrier-1.jpg'),
	(1367,'Welsh Terrier','welsh-terrier-1.jpg'),
	(1368,'Welsh Springer Spaniel','welsh-springer-spaniel-1.jpg'),
	(1369,'Wirehaired Vizsla','wirehaired-vizsla-1.jpg'),
	(1370,'West Siberian Laika',NULL),
	(1371,'Wetterhoun',NULL),
	(1372,'Xoloitzcuintli','xoloitzcuintle-1.jpg'),
	(1373,'Yorkshire Terrier','yorkshire-terrier-1.jpg Terrier');
	--	delete `''`
	
INSERT INTO pet(pet_name,description,image_url,publish_time,gender,sterilized,estimated_age,age_certainty,weight,pet_specie,coat_hair,coat_pattern,primary_light_shade,primary_dark_shade,trained,medical_records_uptodate,special_needs)
	VALUES
	('Storm','Water approach charge new most.','australian-silky-terrier-1.jpg','2022-08-24',TRUE,TRUE,9,FALSE,3,1,3,101,1,102,FALSE,TRUE,NULL),
	('Lawson','Before forget analysis relationship than former easy economic.','tree.jpg','2022-08-24',FALSE,FALSE,7,TRUE,1000,998,1,1,1,101,TRUE,FALSE,NULL),
	('Roscoe','Inside early statement sit sense include current.','koi.jpg','2022-08-24',FALSE,TRUE,6,TRUE,0,103,1,1,2,101,TRUE,TRUE,NULL),
	('Doge','Much society bar face.','shibe.jpg','2022-08-25',TRUE,FALSE,8,FALSE,7,1,5,101,2,105,FALSE,TRUE,'Very picture.'),
	('Shibe','Beyond feel similar source change next family analysis.','shiba-inu.jpg','2022-08-25',TRUE,TRUE,3,TRUE,8,1,5,101,2,101,TRUE,TRUE,NULL),
	('Mina','Find mean pretty citizen discuss significant.','birb.jpg','2022-08-25',FALSE,TRUE,5,TRUE,9,101,1,1,3,104,TRUE,FALSE,NULL),
	('Woof','Marriage box identify.','siberian-husky-1.jpg','2022-08-25',TRUE,TRUE,2,TRUE,12,1,2,105,2,101,TRUE,FALSE,NULL),
	('Yarn','Real recognize friend today.','aegean-cat-1.jpg','2022-08-25',FALSE,TRUE,6,TRUE,4,2,2,101,1,104,FALSE,TRUE,'Chews a ball of yarn.'),
	('Bone','Land whole difficult five happy painting particularly.','default_pet.png','2022-08-25',FALSE,FALSE,9,FALSE,43,1,2,106,3,101,FALSE,TRUE,NULL),
	('Blessing','Career smile tough now deep rule.','alligator.jpg','2022-08-25',TRUE,TRUE,4,TRUE,40,102,1,1,4,104,TRUE,FALSE,NULL),
	('Kaiser','Relationship threat line character town hospital.','german-shepherd-dog-1.jpg','2022-08-26',FALSE,FALSE,2,TRUE,10,1,2,105,2,104,TRUE,TRUE,NULL),
	('Sienna','Huge suddenly end mind seek away.','snake.jpg','2022-08-26',TRUE,TRUE,3,FALSE,1,102,1,1,2,101,FALSE,TRUE,NULL),
	('Valentine','Heart water able issue bed both executive pretty.','axolotl.jpg','2022-08-26',TRUE,TRUE,7,TRUE,1,104,1,1,1,102,TRUE,TRUE,NULL),
	('Chacer','Watch camera list majority. Weights 10 lbs. with pot and soil.','plant.jpg','2022-08-26',FALSE,FALSE,4,TRUE,10,998,1,1,4,103,FALSE,FALSE,'Water twice a week. Provide ample sunlight.');
	--	(\t\(.*?,NULL)(.*?),(.*?),(\d{4}-\d{2}-\d{2}.*\d{1},NULL)(.*?)\)([,;])
	--	$1'$2','$3',$4$5)$6
		-- and manual
	-- DATES
	--	(\d{4}-\d{2}-\d{2})
	--	'$1'

INSERT INTO petuser_join(user_username,pet_id)
	VALUES
	('laura.bauer',1),
	('laura.bauer',2),
	('laura.bauer',3),
	('laura.bauer',4),
	('corbett.camden',5),
	('chnorma',6),
	('corbett.camden',7),
	('corbett.camden',8),
	('corbett.camden',9),
	('chnorma',10),
	('chnorma',11),
	('chnorma',12),
	('corbett.camden',13),
	('corbett.camden',14);
	
INSERT INTO primarybreed_join(pet_id,breed_id)
	VALUES
	(1,1012),
	(4,1308),
	(5,1308),
	(7,1305),
	(8,6),
	(9,0),
	(11,1168);